[
    {
        "name": "John Doe",
        "email": "johndoe1@example.com",
        "phone": "1234567890",
        "address": "123 Main Street, Springfield, USA"
    },
    {
        "name": "Jane Smith",
        "email": "janesmith2@example.com",
        "phone": "9876543210",
        "address": "456 Elm Street, Metropolis, USA"
    },
    {
        "name": "Robert Brown",
        "email": "robertbrown3@example.com",
        "phone": "2345678901",
        "address": "789 Oak Avenue, Gotham, USA"
    },
    {
        "name": "Emily Davis",
        "email": "emilydavis4@example.com",
        "phone": "3456789012",
        "address": "135 Pine Road, Star City, USA"
    },
    {
        "name": "Michael Wilson",
        "email": "michaelwilson5@example.com",
        "phone": "4567890123",
        "address": "246 Cedar Lane, Central City, USA"
    },
    {
        "name": "Sarah Johnson",
        "email": "sarahjohnson6@example.com",
        "phone": "5678901234",
        "address": "357 Maple Drive, Coast City, USA"
    },
    {
        "name": "William Garcia",
        "email": "williamgarcia7@example.com",
        "phone": "6789012345",
        "address": "468 Birch Boulevard, Keystone, USA"
    },
    {
        "name": "Olivia Martinez",
        "email": "oliviamartinez8@example.com",
        "phone": "7890123456",
        "address": "579 Walnut Court, Blüdhaven, USA"
    },
    {
        "name": "James Anderson",
        "email": "jamesanderson9@example.com",
        "phone": "8901234567",
        "address": "680 Ash Circle, Smallville, USA"
    },
    {
        "name": "Sophia Thomas",
        "email": "sophiathomas10@example.com",
        "phone": "9012345678",
        "address": "791 Fir Square, Fawcett City, USA"
    },
    {
        "name": "Liam Jackson",
        "email": "liamjackson11@example.com",
        "phone": "1023456789",
        "address": "123 Cherry Street, Riverdale, USA"
    },
    {
        "name": "Isabella White",
        "email": "isabellawhite12@example.com",
        "phone": "2123456789",
        "address": "456 Peach Avenue, Hill Valley, USA"
    },
    {
        "name": "Lucas Harris",
        "email": "lucasharris13@example.com",
        "phone": "3234567890",
        "address": "789 Apple Lane, Emerald City, USA"
    },
    {
        "name": "Mia Clark",
        "email": "miaclark14@example.com",
        "phone": "4345678901",
        "address": "135 Grapevine Road, Zootopia, USA"
    },
    {
        "name": "Alexander Lewis",
        "email": "alexanderlewis15@example.com",
        "phone": "5456789012",
        "address": "246 Plum Street, Arendelle, USA"
    },
    {
        "name": "Amelia Walker",
        "email": "ameliawalker16@example.com",
        "phone": "6567890123",
        "address": "357 Pinecone Court, Wakanda, USA"
    },
    {
        "name": "Benjamin Hall",
        "email": "benjaminhall17@example.com",
        "phone": "7678901234",
        "address": "468 Evergreen Lane, Asgard, USA"
    },
    {
        "name": "Charlotte Young",
        "email": "charlotteyoung18@example.com",
        "phone": "8789012345",
        "address": "579 Willow Road, Narnia, USA"
    },
    {
        "name": "Henry Allen",
        "email": "henryallen19@example.com",
        "phone": "9890123456",
        "address": "680 Maplewood Circle, Elmore, USA"
    },
    {
        "name": "Ella King",
        "email": "ellaking20@example.com",
        "phone": "1091234567",
        "address": "791 Cedarwood Square, Bikini Bottom, USA"
    },
    {
        "name": "Noah Scott",
        "email": "noahscott21@example.com",
        "phone": "1202345678",
        "address": "123 Sunrise Street, Zootopia, USA"
    },
    {
        "name": "Ava Adams",
        "email": "avaadams22@example.com",
        "phone": "1313456789",
        "address": "456 Sunset Avenue, Wonderland, USA"
    },
    {
        "name": "Ethan Campbell",
        "email": "ethancampbell23@example.com",
        "phone": "1424567890",
        "address": "789 Twilight Lane, Neverland, USA"
    },
    {
        "name": "Abigail Green",
        "email": "abigailgreen24@example.com",
        "phone": "1535678901",
        "address": "135 Dusk Road, Hogwarts, USA"
    },
    {
        "name": "Daniel Rivera",
        "email": "danielrivera25@example.com",
        "phone": "1646789012",
        "address": "246 Dawn Street, Oz, USA"
    },
    {
        "name": "Grace Perez",
        "email": "graceperez26@example.com",
        "phone": "1757890123",
        "address": "357 Moonlight Drive, Atlantis, USA"
    },
    {
        "name": "Elijah Baker",
        "email": "elijahbaker27@example.com",
        "phone": "1868901234",
        "address": "468 Sunshine Lane, Camelot, USA"
    },
    {
        "name": "Chloe Gonzales",
        "email": "chloegonzales28@example.com",
        "phone": "1979012345",
        "address": "579 Midnight Court, Oz, USA"
    },
    {
        "name": "Oliver Reed",
        "email": "oliverreed29@example.com",
        "phone": "2080123456",
        "address": "680 Star Circle, Krypton, USA"
    },
    {
        "name": "Harper Brooks",
        "email": "harperbrooks30@example.com",
        "phone": null,
        "address": "791 Nebula Square, Pandora, USA"
    },
    {
        "name": "Jack Murphy",
        "email": "jackmurphy31@example.com",
        "phone": "2191234567",
        "address": "123 Galaxy Road, Asgard, USA"
    },
    {
        "name": "Ella Sanchez",
        "email": "ellasanchez32@example.com",
        "phone": "2302345678",
        "address": null
    }
]
