[
    {
        "customer_id": 1,
        "order_date": "2024-12-18T10:00:00",
        "status": "Pending",
        "total_amount": 0.00,
        "tracking_id": "TRACK0001",
        "shipping_address": "123 Main Street, Cityville, Country"
    },
    {
        "customer_id": 2,
        "order_date": "2024-12-17T12:00:00",
        "status": "Processing",
        "total_amount": 0.00,
        "tracking_id": "TRACK0002",
        "shipping_address": "456 Elm Street, Townsville, Country"
    },
    {
        "customer_id": 3,
        "order_date": "2024-12-16T14:00:00",
        "status": "Shipped",
        "total_amount": 0.00,
        "tracking_id": "TRACK0003",
        "shipping_address": "789 Pine Avenue, Suburbia, Country"
    },
    {
        "customer_id": 4,
        "order_date": "2024-12-15T16:00:00",
        "status": "Delivered",
        "total_amount": 0.00,
        "tracking_id": "TRACK0004",
        "shipping_address": "101 Maple Lane, Ruralville, Country"
    },
    {
        "customer_id": 5,
        "order_date": "2024-12-14T18:00:00",
        "status": "Cancelled",
        "total_amount": 0.00,
        "tracking_id": "TRACK0005",
        "shipping_address": "202 Oak Drive, Uptown, Country"
    },
    {
        "customer_id": 6,
        "order_date": "2024-12-13T08:00:00",
        "status": "Pending",
        "total_amount": 0.00,
        "tracking_id": "TRACK0006",
        "shipping_address": "303 Cedar Boulevard, Midtown, Country"
    },
    {
        "customer_id": 7,
        "order_date": "2024-12-12T10:00:00",
        "status": "Processing",
        "total_amount": 0.00,
        "tracking_id": "TRACK0007",
        "shipping_address": "404 Birch Way, Downtown, Country"
    },
    {
        "customer_id": 8,
        "order_date": "2024-12-11T12:00:00",
        "status": "Shipped",
        "total_amount": 0.00,
        "tracking_id": "TRACK0008",
        "shipping_address": "505 Spruce Terrace, Lakeside, Country"
    },
    {
        "customer_id": 9,
        "order_date": "2024-12-10T14:00:00",
        "status": "Delivered",
        "total_amount": 0.00,
        "tracking_id": "TRACK0009",
        "shipping_address": "606 Willow Court, Hilltop, Country"
    },
    {
        "customer_id": 10,
        "order_date": "2024-12-09T16:00:00",
        "status": "Cancelled",
        "total_amount": 0.00,
        "tracking_id": "TRACK0010",
        "shipping_address": "707 Aspen Row, Coastline, Country"
    },
    {
        "customer_id": 11,
        "order_date": "2024-12-08T10:00:00",
        "status": "Pending",
        "total_amount": 0.00,
        "tracking_id": "TRACK0011",
        "shipping_address": "808 Fir Street, Countryside, Country"
    },
    {
        "customer_id": 12,
        "order_date": "2024-12-07T12:00:00",
        "status": "Processing",
        "total_amount": 0.00,
        "tracking_id": "TRACK0012",
        "shipping_address": "909 Redwood Avenue, Plainside, Country"
    },
    {
        "customer_id": 13,
        "order_date": "2024-12-06T14:00:00",
        "status": "Shipped",
        "total_amount": 0.00,
        "tracking_id": "TRACK0013",
        "shipping_address": "1010 Sequoia Boulevard, Clifftown, Country"
    },
    {
        "customer_id": 14,
        "order_date": "2024-12-05T16:00:00",
        "status": "Delivered",
        "total_amount": 0.00,
        "tracking_id": "TRACK0014",
        "shipping_address": "1111 Magnolia Drive, Valleyview, Country"
    },
    {
        "customer_id": 15,
        "order_date": "2024-12-04T18:00:00",
        "status": "Cancelled",
        "total_amount": 0.00,
        "tracking_id": "TRACK0015",
        "shipping_address": "1212 Cypress Lane, Highland, Country"
    },
    {
        "customer_id": 16,
        "order_date": "2024-12-03T10:00:00",
        "status": "Pending",
        "total_amount": 0.00,
        "tracking_id": "TRACK0016",
        "shipping_address": "1313 Sycamore Road, Cityville, Country"
    },
    {
        "customer_id": 17,
        "order_date": "2024-12-02T12:00:00",
        "status": "Processing",
        "total_amount": 0.00,
        "tracking_id": "TRACK0017",
        "shipping_address": "1414 Pineapple Street, Townsville, Country"
    },
    {
        "customer_id": 18,
        "order_date": "2024-12-01T14:00:00",
        "status": "Shipped",
        "total_amount": 0.00,
        "tracking_id": "TRACK0018",
        "shipping_address": "1515 Palm Avenue, Suburbia, Country"
    },
    {
        "customer_id": 19,
        "order_date": "2024-11-30T16:00:00",
        "status": "Delivered",
        "total_amount": 0.00,
        "tracking_id": "TRACK0019",
        "shipping_address": "1616 Mango Drive, Ruralville, Country"
    },
    {
        "customer_id": 20,
        "order_date": "2024-11-29T18:00:00",
        "status": "Cancelled",
        "total_amount": 0.00,
        "tracking_id": "TRACK0020",
        "shipping_address": "1717 Cherry Lane, Uptown, Country"
    },
    {
        "customer_id": 21,
        "order_date": "2024-11-28T10:00:00",
        "status": "Pending",
        "total_amount": 0.00,
        "tracking_id": "TRACK0021",
        "shipping_address": "1818 Grapevine Row, Midtown, Country"
    },
    {
        "customer_id": 22,
        "order_date": "2024-11-27T12:00:00",
        "status": "Processing",
        "total_amount": 0.00,
        "tracking_id": "TRACK0022",
        "shipping_address": "1919 Lemon Boulevard, Downtown, Country"
    },
    {
        "customer_id": 23,
        "order_date": "2024-11-26T14:00:00",
        "status": "Shipped",
        "total_amount": 0.00,
        "tracking_id": "TRACK0023",
        "shipping_address": "2020 Blueberry Terrace, Lakeside, Country"
    },
    {
        "customer_id": 24,
        "order_date": "2024-11-25T16:00:00",
        "status": "Delivered",
        "total_amount": 0.00,
        "tracking_id": "TRACK0024",
        "shipping_address": "2121 Peach Court, Hilltop, Country"
    },
    {
        "customer_id": 25,
        "order_date": "2024-11-24T18:00:00",
        "status": "Cancelled",
        "total_amount": 0.00,
        "tracking_id": "TRACK0025",
        "shipping_address": "2222 Plum Row, Coastline, Country"
    },

    {
        "customer_id": 26,
        "order_date": "2024-11-23T10:00:00",
        "status": "Pending",
        "total_amount": 0.00,
        "tracking_id": "TRACK0026",
        "shipping_address": "2323 Walnut Street, Countryside, Country"
    },
    {
        "customer_id": 27,
        "order_date": "2024-11-22T12:00:00",
        "status": "Processing",
        "total_amount": 0.00,
        "tracking_id": "TRACK0027",
        "shipping_address": "2424 Chestnut Avenue, Plainside, Country"
    },
    {
        "customer_id": 28,
        "order_date": "2024-11-21T14:00:00",
        "status": "Shipped",
        "total_amount": 0.00,
        "tracking_id": "TRACK0028",
        "shipping_address": "2525 Hazel Boulevard, Clifftown, Country"
    },
    {
        "customer_id": 29,
        "order_date": "2024-11-20T16:00:00",
        "status": "Delivered",
        "total_amount": 0.00,
        "tracking_id": "TRACK0029",
        "shipping_address": "2626 Alder Drive, Valleyview, Country"
    },
    {
        "customer_id": 30,
        "order_date": "2024-11-19T18:00:00",
        "status": "Cancelled",
        "total_amount": 0.00,
        "tracking_id": "TRACK0030",
        "shipping_address": "2727 Holly Lane, Highland, Country"
    },
    {
        "customer_id": 31,
        "order_date": "2024-11-18T10:00:00",
        "status": "Pending",
        "total_amount": 0.00,
        "tracking_id": "TRACK0031",
        "shipping_address": "2828 Beech Road, Cityville, Country"
    },
    {
        "customer_id": 32,
        "order_date": "2024-11-17T12:00:00",
        "status": "Processing",
        "total_amount": 0.00,
        "tracking_id": "TRACK0032",
        "shipping_address": "2929 Poplar Street, Townsville, Country"
    },
    {
        "customer_id": 33,
        "order_date": "2024-11-16T14:00:00",
        "status": "Shipped",
        "total_amount": 0.00,
        "tracking_id": "TRACK0033",
        "shipping_address": "3030 Juniper Avenue, Suburbia, Country"
    },
    {
        "customer_id": 34,
        "order_date": "2024-11-15T16:00:00",
        "status": "Delivered",
        "total_amount": 0.00,
        "tracking_id": "TRACK0034",
        "shipping_address": "3131 Cypress Drive, Ruralville, Country"
    },
    {
        "customer_id": 35,
        "order_date": "2024-11-14T18:00:00",
        "status": "Cancelled",
        "total_amount": 0.00,
        "tracking_id": "TRACK0035",
        "shipping_address": "3232 Redwood Lane, Uptown, Country"
    },
    {
        "customer_id": 36,
        "order_date": "2024-11-13T10:00:00",
        "status": "Pending",
        "total_amount": 0.00,
        "tracking_id": "TRACK0036",
        "shipping_address": "3333 Maple Row, Midtown, Country"
    },
    {
        "customer_id": 37,
        "order_date": "2024-11-12T12:00:00",
        "status": "Processing",
        "total_amount": 0.00,
        "tracking_id": "TRACK0037",
        "shipping_address": "3434 Elm Boulevard, Downtown, Country"
    },
    {
        "customer_id": 38,
        "order_date": "2024-11-11T14:00:00",
        "status": "Shipped",
        "total_amount": 0.00,
        "tracking_id": "TRACK0038",
        "shipping_address": "3535 Ash Terrace, Lakeside, Country"
    },
    {
        "customer_id": 39,
        "order_date": "2024-11-10T16:00:00",
        "status": "Delivered",
        "total_amount": 0.00,
        "tracking_id": "TRACK0039",
        "shipping_address": "3636 Willow Court, Hilltop, Country"
    },
    {
        "customer_id": 40,
        "order_date": "2024-11-09T18:00:00",
        "status": "Cancelled",
        "total_amount": 0.00,
        "tracking_id": "TRACK0040",
        "shipping_address": "3737 Birch Row, Coastline, Country"
    },
    {
        "customer_id": 41,
        "order_date": "2024-11-08T10:00:00",
        "status": "Pending",
        "total_amount": 0.00,
        "tracking_id": "TRACK0041",
        "shipping_address": "3838 Fir Street, Countryside, Country"
    },
    {
        "customer_id": 42,
        "order_date": "2024-11-07T12:00:00",
        "status": "Processing",
        "total_amount": 0.00,
        "tracking_id": "TRACK0042",
        "shipping_address": "3939 Aspen Avenue, Plainside, Country"
    },
    {
        "customer_id": 43,
        "order_date": "2024-11-06T14:00:00",
        "status": "Shipped",
        "total_amount": 0.00,
        "tracking_id": "TRACK0043",
        "shipping_address": "4040 Spruce Boulevard, Clifftown, Country"
    },
    {
        "customer_id": 44,
        "order_date": "2024-11-05T16:00:00",
        "status": "Delivered",
        "total_amount": 0.00,
        "tracking_id": "TRACK0044",
        "shipping_address": "4141 Pine Lane, Valleyview, Country"
    },
    {
        "customer_id": 45,
        "order_date": "2024-11-04T18:00:00",
        "status": "Cancelled",
        "total_amount": 0.00,
        "tracking_id": "TRACK0045",
        "shipping_address": "4242 Cedar Row, Highland, Country"
    },
    {
        "customer_id": 46,
        "order_date": "2024-11-03T10:00:00",
        "status": "Pending",
        "total_amount": 0.00,
        "tracking_id": "TRACK0046",
        "shipping_address": "4343 Sycamore Drive, Cityville, Country"
    },
    {
        "customer_id": 47,
        "order_date": "2024-11-02T12:00:00",
        "status": "Processing",
        "total_amount": 0.00,
        "tracking_id": "TRACK0047",
        "shipping_address": "4444 Beech Road, Townsville, Country"
    },
    {
        "customer_id": 48,
        "order_date": "2024-11-01T14:00:00",
        "status": "Shipped",
        "total_amount": 0.00,
        "tracking_id": "TRACK0048",
        "shipping_address": "4545 Walnut Street, Suburbia, Country"
    },
    {
        "customer_id": 49,
        "order_date": "2024-10-31T16:00:00",
        "status": "Delivered",
        "total_amount": 0.00,
        "tracking_id": "TRACK0049",
        "shipping_address": "4646 Chestnut Avenue, Ruralville, Country"
    },
    {
        "customer_id": 50,
        "order_date": "2024-10-30T18:00:00",
        "status": "Cancelled",
        "total_amount": 0.00,
        "tracking_id": "TRACK0050",
        "shipping_address": "4747 Hazel Boulevard, Uptown, Country"
    }
]
    
