[
    {
        "name": "Elegant Evening Gown",
        "description": "A stunning floor-length gown perfect for formal events.",
        "price": 149.99,
        "stock": 25,
        "category": "Tier 1",
        "active": true
    },
    {
        "name": "Casual Summer Dress",
        "description": "A light and breezy dress for warm summer days.",
        "price": 39.99,
        "stock": 50,
        "category": "Tier 3",
        "active": true
    },
    {
        "name": "Classic Black Dress",
        "description": "A timeless piece that is a must-have in every wardrobe.",
        "price": 89.99,
        "stock": 30,
        "category": "Tier 2",
        "active": true
    },
    {
        "name": "Floral Maxi Dress",
        "description": "Beautiful floral prints on a flowing maxi dress.",
        "price": 59.99,
        "stock": 40,
        "category": "Tier 3",
        "active": true
    },
    {
        "name": "Bohemian Tunic Dress",
        "description": "A relaxed bohemian style tunic dress with intricate patterns.",
        "price": 45.00,
        "stock": 20,
        "category": "Tier 4",
        "active": true
    },
    {
        "name": "Business Formal Dress",
        "description": "A sophisticated dress suitable for office wear and formal meetings.",
        "price": 120.00,
        "stock": 15,
        "category": "Tier 1",
        "active": true
    },
    {
        "name": "Denim Shirt Dress",
        "description": "A trendy denim dress for a casual yet chic look.",
        "price": 49.99,
        "stock": 35,
        "category": "Tier 5",
        "active": true
    },
    {
        "name": "Party Sequin Dress",
        "description": "Shimmery sequin dress perfect for parties and celebrations.",
        "price": 99.99,
        "stock": 10,
        "category": "Tier 2",
        "active": true
    },
    {
        "name": "Winter Sweater Dress",
        "description": "A warm and cozy sweater dress for the winter season.",
        "price": 75.00,
        "stock": 18,
        "category": "Tier 4",
        "active": true
    },
    {
        "name": "Vintage Polka Dot Dress",
        "description": "A retro-inspired polka dot dress with a vintage charm.",
        "price": 55.00,
        "stock": 27,
        "category": "Tier 3",
        "active": true
    },
    {
        "name": "Cocktail Mini Dress",
        "description": "A chic mini dress ideal for cocktail parties.",
        "price": 79.99,
        "stock": 22,
        "category": "Tier 2",
        "active": true
    },
    {
        "name": "Beach Cover-Up Dress",
        "description": "Lightweight and stylish cover-up dress for beach outings.",
        "price": 29.99,
        "stock": 45,
        "category": "Tier 5",
        "active": true
    },
    {
        "name": "Layered Chiffon Dress",
        "description": "A flowing layered chiffon dress for an elegant appearance.",
        "price": 89.99,
        "stock": 12,
        "category": "Tier 1",
        "active": true
    },
    {
        "name": "Ruched Bodycon Dress",
        "description": "A figure-hugging bodycon dress with ruched details.",
        "price": 65.00,
        "stock": 28,
        "category": "Tier 2",
        "active": true
    },
    {
        "name": "Knitted Midi Dress",
        "description": "A comfortable and stylish knitted midi dress.",
        "price": 70.00,
        "stock": 33,
        "category": "Tier 4",
        "active": true
    },
    {
        "name": "Off-Shoulder Maxi Dress",
        "description": "An off-shoulder maxi dress with a flowy design.",
        "price": 79.00,
        "stock": 19,
        "category": "Tier 3",
        "active": true
    },
    {
        "name": "Lace A-Line Dress",
        "description": "An elegant lace dress with a flattering A-line silhouette.",
        "price": 95.99,
        "stock": 20,
        "category": "Tier 1",
        "active": true
    },
    {
        "name": "Striped Shirt Dress",
        "description": "A casual striped shirt dress for everyday wear.",
        "price": 40.00,
        "stock": 38,
        "category": "Tier 5",
        "active": true
    },
    {
        "name": "Silk Slip Dress",
        "description": "A luxurious silk slip dress perfect for formal occasions.",
        "price": 150.00,
        "stock": 14,
        "category": "Tier 1",
        "active": true
    },
    {
        "name": "Tropical Print Dress",
        "description": "A vibrant tropical print dress for vacation vibes.",
        "price": 35.00,
        "stock": 50,
        "category": "Tier 3",
        "active": true
    },
    {
        "name": "Elegant Mermaid Dress",
        "description": "A figure-hugging mermaid-style dress for an enchanting look.",
        "price": 139.99,
        "stock": 12,
        "category": "Tier 1",
        "active": true
    },
    {
        "name": "Plaid Tartan Dress",
        "description": "A classic tartan dress with plaid patterns for a cozy look.",
        "price": 59.00,
        "stock": 20,
        "category": "Tier 4",
        "active": true
    },
    {
        "name": "High-Neck Midi Dress",
        "description": "A sophisticated midi dress with a high neckline.",
        "price": 99.00,
        "stock": 18,
        "category": "Tier 2",
        "active": true
    },
    {
        "name": "Peasant Maxi Dress",
        "description": "A casual maxi dress with a loose and comfortable fit.",
        "price": 65.00,
        "stock": 30,
        "category": "Tier 5",
        "active": true
    },
    {
        "name": "Tiered Ruffle Dress",
        "description": "A tiered ruffle dress for an effortlessly chic look.",
        "price": 75.99,
        "stock": 22,
        "category": "Tier 3",
        "active": true
    },
    {
        "name": "Shimmer Cocktail Dress",
        "description": "A shimmery cocktail dress perfect for evening parties.",
        "price": 110.00,
        "stock": 14,
        "category": "Tier 2",
        "active": true
    },
    {
        "name": "Halter Neck Maxi Dress",
        "description": "A halter neck maxi dress with an elegant drape.",
        "price": 89.00,
        "stock": 17,
        "category": "Tier 1",
        "active": true
    },
    {
        "name": "Geometric Print Dress",
        "description": "A bold dress with striking geometric patterns.",
        "price": 50.00,
        "stock": 25,
        "category": "Tier 4",
        "active": true
    },
    {
        "name": "Velvet Wrap Dress",
        "description": "A soft velvet wrap dress for a luxurious feel.",
        "price": 120.00,
        "stock": 10,
        "category": "Tier 2",
        "active": true
    }
]
